File,Similarity
../data/text/6395.txt,0.76872337
../data/text/2403.txt,0.7411107
../data/text/5610.txt,0.7080121
../data/text/5409.txt,0.7372227
../data/text/2660.txt,0.8004086
../data/text/5345.txt,0.70747966
../data/text/647.txt,0.721442
../data/text/4159.txt,0.8037698
../data/text/4507.txt,0.72205156
../data/text/6121.txt,0.7131634
../data/text/1987.txt,0.734892
../data/text/1554.txt,0.7308054
../data/text/3336.txt,0.7430428
../data/text/8123.txt,0.7422627
../data/text/8571.txt,0.77148604
../data/text/5161.txt,0.72090936
../data/text/8502.txt,0.75448114
../data/text/2264.txt,0.74754554
../data/text/4561.txt,0.75361645
../data/text/7105.txt,0.7166567
../data/text/5598.txt,0.7827131
../data/text/7659.txt,0.7254709
../data/text/17.txt,0.7081475
../data/text/9747.txt,0.7684518
../data/text/7183.txt,0.8330277
../data/text/5199.txt,0.70397043
../data/text/1173.txt,0.71790713
../data/text/2267.txt,0.7386944
../data/text/3607.txt,0.7010325
../data/text/9441.txt,0.7099639
../data/text/9894.txt,0.7307099
../data/text/3442.txt,0.71009296
../data/text/7858.txt,0.7263805
../data/text/593.txt,0.70402795
../data/text/4754.txt,0.7857726
../data/text/3836.txt,0.7750737
../data/text/6634.txt,0.7260443
../data/text/7361.txt,0.7839871
../data/text/8149.txt,0.74339116
../data/text/9865.txt,0.7163886
../data/text/1868.txt,0.74075186
../data/text/6655.txt,0.7212807
../data/text/5384.txt,0.7684107
../data/text/1627.txt,0.7467292
../data/text/3671.txt,0.7119892
../data/text/1862.txt,0.7793524
../data/text/8300.txt,0.79295003
../data/text/8767.txt,0.7366888
../data/text/7852.txt,0.7231058
../data/text/3879.txt,0.7397748
../data/text/2847.txt,0.7810915
../data/text/8806.txt,0.76532924
../data/text/7034.txt,0.70397824
../data/text/8148.txt,0.71673405
../data/text/8918.txt,0.73441654
../data/text/2416.txt,0.7768073
../data/text/2096.txt,0.70501363
../data/text/1605.txt,0.7429925
../data/text/8351.txt,0.7869791
../data/text/107.txt,0.7128844
../data/text/8812.txt,0.7097268
../data/text/9459.txt,0.7384567
../data/text/8449.txt,0.7299287
../data/text/1765.txt,0.7448031
../data/text/9010.txt,0.7537278
../data/text/6470.txt,0.78577614
../data/text/6911.txt,0.72320604
../data/text/659.txt,0.75244594
../data/text/849.txt,0.7264295
../data/text/1053.txt,0.76248
../data/text/8857.txt,0.76845896
../data/text/8481.txt,0.70187813
../data/text/3912.txt,0.7464272
../data/text/4351.txt,0.78200257
../data/text/9502.txt,0.76056325
../data/text/9576.txt,0.73903096
../data/text/4380.txt,0.7743814
../data/text/9807.txt,0.734902
../data/text/3684.txt,0.7032682
../data/text/2493.txt,0.7548021
../data/text/7146.txt,0.75782436
../data/text/4051.txt,0.7390553
../data/text/8259.txt,0.75913846
../data/text/8690.txt,0.7228439
../data/text/8353.txt,0.717329
../data/text/9180.txt,0.7559284
../data/text/3889.txt,0.725304
../data/text/9418.txt,0.74040574
../data/text/4657.txt,0.70822674
../data/text/1847.txt,0.72118276
../data/text/3902.txt,0.71311784
../data/text/3046.txt,0.7583741
../data/text/4989.txt,0.801327
../data/text/3381.txt,0.775319
../data/text/8729.txt,0.7484403
../data/text/4832.txt,0.7620847
../data/text/5523.txt,0.77904093
../data/text/9069.txt,0.7168601
../data/text/692.txt,0.7354313
../data/text/1297.txt,0.7512317
../data/text/1950.txt,0.8166181
../data/text/9881.txt,0.7467879
../data/text/7778.txt,0.725374
../data/text/6014.txt,0.7639706
../data/text/5764.txt,0.8148669
../data/text/3227.txt,0.7337791
../data/text/5814.txt,0.7738803
../data/text/2518.txt,0.7055268
../data/text/6207.txt,0.7082142
../data/text/2517.txt,0.7456859
../data/text/750.txt,0.7253729
../data/text/6288.txt,0.76957893
../data/text/3954.txt,0.7506917
../data/text/951.txt,0.7414336
../data/text/6742.txt,0.7967396
../data/text/8156.txt,0.82265735
../data/text/3089.txt,0.7252881
../data/text/5941.txt,0.70747805
../data/text/8527.txt,0.75743186
../data/text/8471.txt,0.7478565
../data/text/6016.txt,0.72913647
../data/text/993.txt,0.7331458
../data/text/3173.txt,0.8101742
../data/text/6197.txt,0.8159787
../data/text/9380.txt,0.7402668
../data/text/6183.txt,0.7524847
../data/text/3288.txt,0.7044033
../data/text/4462.txt,0.7364222
../data/text/4500.txt,0.71192545
../data/text/822.txt,0.7556243
../data/text/6525.txt,0.7483801
../data/text/7664.txt,0.7049712
../data/text/6961.txt,0.74899757
../data/text/5536.txt,0.72535414
../data/text/8556.txt,0.7047781
../data/text/6853.txt,0.7017382
../data/text/2598.txt,0.7146769
../data/text/7338.txt,0.74573326
../data/text/4902.txt,0.74361145
../data/text/9006.txt,0.77771646
../data/text/2709.txt,0.7374085
../data/text/3611.txt,0.7540717
../data/text/8936.txt,0.73853326
../data/text/4174.txt,0.73411137
../data/text/7814.txt,0.73750675
../data/text/3165.txt,0.8150223
../data/text/8723.txt,0.7101115
../data/text/989.txt,0.73007727
../data/text/8450.txt,0.75343984
../data/text/9798.txt,0.7785602
../data/text/1998.txt,0.733699
../data/text/3722.txt,0.7898035
../data/text/241.txt,0.7095288
../data/text/173.txt,0.77629745
../data/text/2865.txt,0.75967646
../data/text/4356.txt,0.70798624
../data/text/333.txt,0.76876855
../data/text/2734.txt,0.7697609
../data/text/74.txt,0.7393714
../data/text/8505.txt,0.7482506
../data/text/7950.txt,0.7252696
../data/text/4010.txt,0.73109174
../data/text/1849.txt,0.7338239
../data/text/1821.txt,0.7021256
../data/text/530.txt,0.8354335
../data/text/5607.txt,0.77486163
../data/text/1478.txt,0.7055819
../data/text/9819.txt,0.7379246
../data/text/4296.txt,0.7040527
../data/text/3148.txt,0.76922804
../data/text/339.txt,0.7056539
../data/text/2873.txt,0.7242233
../data/text/871.txt,0.70425606
../data/text/9220.txt,0.7641356
../data/text/2573.txt,0.70338976
../data/text/2128.txt,0.76639783
../data/text/114.txt,0.70009655
../data/text/2252.txt,0.72895813
../data/text/5086.txt,0.7329345
../data/text/3265.txt,0.7136279
../data/text/682.txt,0.73667777
../data/text/6578.txt,0.72059023
../data/text/4506.txt,0.7845341
../data/text/2043.txt,0.7550401
../data/text/5627.txt,0.73473954
../data/text/789.txt,0.75238645
../data/text/6583.txt,0.7408469
../data/text/6687.txt,0.70790565
../data/text/7897.txt,0.7016832
../data/text/769.txt,0.70047307
../data/text/8880.txt,0.7831286
../data/text/3398.txt,0.72393024
../data/text/6362.txt,0.78721255
../data/text/9589.txt,0.8106921
../data/text/7231.txt,0.7088992
../data/text/3301.txt,0.7691529
../data/text/7295.txt,0.77808267
../data/text/9366.txt,0.7632165
../data/text/8008.txt,0.7683829
../data/text/731.txt,0.7022759
../data/text/8134.txt,0.7100681
../data/text/2375.txt,0.7460953
../data/text/8064.txt,0.7327844
../data/text/7527.txt,0.74087954
../data/text/3885.txt,0.71720564
../data/text/10.txt,0.78950435
../data/text/9809.txt,0.7148833
../data/text/5621.txt,0.705216
../data/text/1858.txt,0.7198359
../data/text/400.txt,0.70119005
../data/text/7777.txt,0.75132734
../data/text/2076.txt,0.745982
../data/text/4272.txt,0.7530563
../data/text/4317.txt,0.7116089
../data/text/143.txt,0.74759674
../data/text/5544.txt,0.7136781
../data/text/346.txt,0.73708487
../data/text/2086.txt,0.7727019
../data/text/3447.txt,0.7279136
../data/text/6379.txt,0.7510524
../data/text/7843.txt,0.73923546
../data/text/3529.txt,0.77503175
../data/text/3351.txt,0.7416023
../data/text/6549.txt,0.7763852
../data/text/2034.txt,0.80471486
../data/text/1102.txt,0.70685554
../data/text/9744.txt,0.7266649
../data/text/7672.txt,0.74357957
../data/text/4530.txt,0.81182176
../data/text/1420.txt,0.7150136
../data/text/2880.txt,0.76126856
../data/text/2236.txt,0.702269
../data/text/9300.txt,0.78484863
../data/text/6518.txt,0.7085618
../data/text/5444.txt,0.73726577
../data/text/1653.txt,0.71218854
../data/text/8549.txt,0.72910523
../data/text/734.txt,0.7164116
../data/text/2164.txt,0.7895819
../data/text/1597.txt,0.73055315
../data/text/2351.txt,0.7843375
../data/text/2178.txt,0.7882321
../data/text/9848.txt,0.7742894
../data/text/1371.txt,0.7005281
../data/text/749.txt,0.71918404
../data/text/9067.txt,0.7220261
../data/text/4876.txt,0.7010701
../data/text/9836.txt,0.7492369
../data/text/5103.txt,0.70687574
../data/text/8526.txt,0.761129
../data/text/8183.txt,0.76849943
../data/text/3474.txt,0.7122796
../data/text/3878.txt,0.7345998
../data/text/9767.txt,0.76160645
../data/text/4004.txt,0.77484715
../data/text/5297.txt,0.7417577
../data/text/493.txt,0.7401954
../data/text/1178.txt,0.7080251
../data/text/4200.txt,0.7081865
../data/text/5694.txt,0.73958856
../data/text/759.txt,0.70606387
../data/text/3245.txt,0.7396672
../data/text/4985.txt,0.7260167
../data/text/5123.txt,0.7252511
../data/text/2756.txt,0.77998924
../data/text/4721.txt,0.7102928
../data/text/1035.txt,0.78582525
../data/text/2020.txt,0.7082028
../data/text/2088.txt,0.7265043
../data/text/2384.txt,0.7657111
../data/text/986.txt,0.7361476
../data/text/6889.txt,0.7143642
../data/text/6557.txt,0.7192824
../data/text/3509.txt,0.7203077
../data/text/2258.txt,0.70767057
../data/text/638.txt,0.7548478
../data/text/6560.txt,0.70421505
../data/text/3153.txt,0.79671156
../data/text/1980.txt,0.7015219
../data/text/9035.txt,0.7112218
../data/text/6725.txt,0.7440545
../data/text/735.txt,0.7163342
../data/text/9634.txt,0.75438833
../data/text/9615.txt,0.7674862
../data/text/3574.txt,0.7089385
../data/text/1054.txt,0.7684505
../data/text/998.txt,0.76339185
../data/text/9520.txt,0.7203015
../data/text/2583.txt,0.7391145
../data/text/7416.txt,0.7615504
../data/text/5646.txt,0.7006737
../data/text/1614.txt,0.799407
../data/text/8594.txt,0.7237384
../data/text/5902.txt,0.73455703
../data/text/6904.txt,0.7113502
../data/text/9429.txt,0.7304901
../data/text/260.txt,0.72712874
../data/text/5732.txt,0.71818745
../data/text/4290.txt,0.7781448
../data/text/615.txt,0.7336445
../data/text/2728.txt,0.72752726
../data/text/9141.txt,0.7303584
../data/text/3043.txt,0.78804064
../data/text/1886.txt,0.7733785
../data/text/9363.txt,0.7241429
../data/text/2061.txt,0.7409784
../data/text/7484.txt,0.71878886
../data/text/2444.txt,0.77874595
../data/text/1571.txt,0.7237038
../data/text/1254.txt,0.7893823
../data/text/5265.txt,0.7502151
../data/text/7077.txt,0.8202244
../data/text/4250.txt,0.71001196
../data/text/1057.txt,0.7327826
../data/text/8644.txt,0.72931385
../data/text/444.txt,0.7210609
../data/text/4173.txt,0.7032491
../data/text/4274.txt,0.76423526
../data/text/9975.txt,0.7437638
../data/text/5501.txt,0.72950554
../data/text/2738.txt,0.7666411
../data/text/3141.txt,0.72090393
../data/text/729.txt,0.740239
../data/text/5768.txt,0.7134545
../data/text/5210.txt,0.7875188
../data/text/7878.txt,0.7732035
../data/text/98.txt,0.7583731
../data/text/1632.txt,0.7446629
../data/text/7658.txt,0.720644
../data/text/6888.txt,0.70905536
../data/text/9479.txt,0.7327798
../data/text/9960.txt,0.75541735
../data/text/6662.txt,0.7436032
../data/text/8622.txt,0.7513032
../data/text/4258.txt,0.7549523
../data/text/5643.txt,0.7539133
../data/text/4855.txt,0.7398521
../data/text/3267.txt,0.7011264
../data/text/7305.txt,0.7029678
../data/text/247.txt,0.72716606
../data/text/5747.txt,0.75631064
../data/text/6765.txt,0.722317
../data/text/8816.txt,0.7072071
../data/text/79.txt,0.7974578
../data/text/4297.txt,0.7027789
../data/text/4332.txt,0.8259071
../data/text/5375.txt,0.706121
../data/text/5037.txt,0.7068063
../data/text/3199.txt,0.7681989
../data/text/3982.txt,0.7411181
../data/text/2866.txt,0.7614481
../data/text/1259.txt,0.7302357
../data/text/3723.txt,0.7608775
../data/text/3749.txt,0.70729995
../data/text/1709.txt,0.7401071
../data/text/2723.txt,0.70189416
../data/text/7523.txt,0.750752
../data/text/4905.txt,0.720436
../data/text/7862.txt,0.7006399
../data/text/503.txt,0.7174755
../data/text/7113.txt,0.72091055
../data/text/7500.txt,0.7273864
../data/text/6304.txt,0.7491713
../data/text/2388.txt,0.76691455
../data/text/4428.txt,0.7369918
../data/text/3285.txt,0.75998706
../data/text/1301.txt,0.71571386
../data/text/5395.txt,0.7235191
../data/text/5122.txt,0.77965534
../data/text/3303.txt,0.74691176
../data/text/1443.txt,0.7841029
../data/text/8655.txt,0.763695
../data/text/9108.txt,0.7788888
../data/text/7498.txt,0.70470405
../data/text/665.txt,0.7257326
../data/text/1239.txt,0.70968485
../data/text/8196.txt,0.7396476
../data/text/1078.txt,0.77526534
../data/text/9950.txt,0.7194663
../data/text/3511.txt,0.7546686
../data/text/8608.txt,0.72544754
../data/text/902.txt,0.7419673
../data/text/1718.txt,0.70305234
../data/text/8200.txt,0.7186593
../data/text/5093.txt,0.7526263
../data/text/3669.txt,0.7379747
../data/text/6649.txt,0.78206396
../data/text/1776.txt,0.7793002
../data/text/2021.txt,0.7674237
../data/text/8611.txt,0.71548206
../data/text/8858.txt,0.73753184
../data/text/2597.txt,0.7337861
../data/text/3662.txt,0.7185242
../data/text/5277.txt,0.7863048
../data/text/771.txt,0.74985117
../data/text/6798.txt,0.7804005
../data/text/448.txt,0.71083367
../data/text/5670.txt,0.7000432
../data/text/763.txt,0.78863215
../data/text/6421.txt,0.7113554
../data/text/3687.txt,0.71882665
../data/text/136.txt,0.7231571
../data/text/4092.txt,0.70450413
../data/text/52.txt,0.7036135
../data/text/7393.txt,0.725478
../data/text/5119.txt,0.827006
../data/text/5251.txt,0.76248574
../data/text/7014.txt,0.7309932
../data/text/2322.txt,0.7078259
../data/text/6480.txt,0.7658329
../data/text/8994.txt,0.8105471
../data/text/8484.txt,0.7347907
../data/text/1383.txt,0.7263367
../data/text/9293.txt,0.76835
../data/text/2296.txt,0.74001014
../data/text/2640.txt,0.7300705
../data/text/8050.txt,0.7140242
../data/text/7180.txt,0.71150374
../data/text/3689.txt,0.7322947
../data/text/7613.txt,0.7183049
../data/text/6556.txt,0.73279864
../data/text/7836.txt,0.75135195
../data/text/6118.txt,0.7124983
../data/text/4542.txt,0.7121995
../data/text/1265.txt,0.7491255
../data/text/5974.txt,0.7344184
../data/text/8973.txt,0.7489112
../data/text/2856.txt,0.7216102
../data/text/8425.txt,0.72675127
../data/text/5714.txt,0.72956514
../data/text/6958.txt,0.76641095
../data/text/528.txt,0.7677084
../data/text/9704.txt,0.72686327
../data/text/8728.txt,0.7548129
../data/text/3111.txt,0.72694397
../data/text/9262.txt,0.71599364
../data/text/6186.txt,0.81482947
../data/text/1547.txt,0.79198426
../data/text/2736.txt,0.7934412
../data/text/4808.txt,0.73267585
../data/text/4037.txt,0.77222323
../data/text/7893.txt,0.7440456
../data/text/4569.txt,0.79078245
../data/text/8385.txt,0.79414093
../data/text/4744.txt,0.76489073
../data/text/3702.txt,0.7028572
../data/text/4289.txt,0.7361034
../data/text/1688.txt,0.76654625
../data/text/8759.txt,0.7375809
../data/text/335.txt,0.70588267
../data/text/1262.txt,0.761222
../data/text/6564.txt,0.7511191
../data/text/9827.txt,0.704975
../data/text/7644.txt,0.71797454
../data/text/8538.txt,0.7347753
../data/text/4936.txt,0.7829288
../data/text/5555.txt,0.729143
../data/text/5746.txt,0.7183082
../data/text/3370.txt,0.732575
../data/text/7619.txt,0.71748227
../data/text/437.txt,0.8481853
../data/text/3429.txt,0.70328385
../data/text/9982.txt,0.7286317
../data/text/9131.txt,0.71589285
../data/text/5840.txt,0.79113126
../data/text/4599.txt,0.70787704
../data/text/5579.txt,0.7193937
../data/text/9893.txt,0.72699046
../data/text/3893.txt,0.77876264
../data/text/8879.txt,0.7022606
../data/text/2542.txt,0.735887
../data/text/4708.txt,0.75302416
../data/text/9169.txt,0.76048434
../data/text/5372.txt,0.7149321
../data/text/2747.txt,0.7350076
../data/text/9450.txt,0.7775464
../data/text/9743.txt,0.74748176
../data/text/7889.txt,0.7324524
../data/text/5949.txt,0.7277079
../data/text/1796.txt,0.8172091
../data/text/5262.txt,0.7583829
../data/text/4901.txt,0.71266055
../data/text/9699.txt,0.7007525
../data/text/3719.txt,0.74856526
../data/text/2784.txt,0.7340809
../data/text/4154.txt,0.7001523
../data/text/4590.txt,0.7549831
../data/text/607.txt,0.7474599
../data/text/2764.txt,0.72018063
../data/text/2328.txt,0.8064395
../data/text/7522.txt,0.76241297
../data/text/8988.txt,0.72300076
../data/text/6096.txt,0.7032559
../data/text/2822.txt,0.7409109
../data/text/9288.txt,0.72002685
../data/text/7330.txt,0.7027252
../data/text/8810.txt,0.74747777
../data/text/1521.txt,0.7203417
../data/text/7095.txt,0.7255683
../data/text/6861.txt,0.7115239
../data/text/6221.txt,0.720416
../data/text/7929.txt,0.7960113
../data/text/3029.txt,0.7986891
../data/text/7285.txt,0.7726197
../data/text/3894.txt,0.7495301
../data/text/7329.txt,0.8109646
../data/text/2755.txt,0.70746607
../data/text/1493.txt,0.73628855
../data/text/8496.txt,0.72843575
../data/text/4131.txt,0.7311107
../data/text/161.txt,0.74741846
../data/text/8825.txt,0.7001746
../data/text/8247.txt,0.7550459
../data/text/9102.txt,0.71181566
../data/text/8947.txt,0.7218698
../data/text/9661.txt,0.7088617
../data/text/282.txt,0.7320122
../data/text/9955.txt,0.74021286
../data/text/8983.txt,0.7079544
../data/text/1444.txt,0.7491663
../data/text/245.txt,0.7505292
../data/text/3066.txt,0.71762586
../data/text/6789.txt,0.73463595
../data/text/4619.txt,0.7221911
../data/text/3965.txt,0.7198045
../data/text/2548.txt,0.71562403
../data/text/6263.txt,0.7239034
../data/text/2308.txt,0.7746912
../data/text/952.txt,0.7316536
../data/text/7894.txt,0.7433375
../data/text/3677.txt,0.784003
../data/text/3155.txt,0.7909948
../data/text/9078.txt,0.725269
../data/text/1003.txt,0.82740927
../data/text/1512.txt,0.7011007
../data/text/2330.txt,0.7225745
../data/text/5545.txt,0.8179543
../data/text/2027.txt,0.7371587
../data/text/1310.txt,0.7336664
../data/text/8260.txt,0.74914765
../data/text/5985.txt,0.7525326
../data/text/841.txt,0.77585804
../data/text/633.txt,0.72437084
../data/text/8293.txt,0.72628224
../data/text/7756.txt,0.7489826
../data/text/5026.txt,0.79284585
../data/text/620.txt,0.7146126
../data/text/4538.txt,0.71540046
../data/text/7262.txt,0.80281526
../data/text/1156.txt,0.70557904
../data/text/2184.txt,0.72840285
../data/text/9956.txt,0.70285547
../data/text/1607.txt,0.76163197
../data/text/4763.txt,0.73544717
../data/text/8333.txt,0.7980393
../data/text/2228.txt,0.7190869
../data/text/7529.txt,0.71482265
../data/text/6264.txt,0.73458177
../data/text/3365.txt,0.7126952
../data/text/2400.txt,0.7995921
../data/text/999.txt,0.7324275
../data/text/9724.txt,0.79131734
../data/text/2797.txt,0.7802271
../data/text/4123.txt,0.7422056
../data/text/5029.txt,0.72621274
../data/text/9504.txt,0.7574657
../data/text/3389.txt,0.70210135
../data/text/4373.txt,0.7677359
../data/text/3098.txt,0.7211092
../data/text/5410.txt,0.7369757
../data/text/8402.txt,0.7679541
../data/text/9870.txt,0.7194191
../data/text/8026.txt,0.70111346
../data/text/6018.txt,0.7147853
../data/text/3413.txt,0.7313094
../data/text/7128.txt,0.72282845
../data/text/4025.txt,0.75762653
../data/text/7062.txt,0.7069659
../data/text/9173.txt,0.7421436
../data/text/2282.txt,0.701372
../data/text/4673.txt,0.7412364
../data/text/6340.txt,0.743729
../data/text/7487.txt,0.7286555
../data/text/6026.txt,0.7258096
../data/text/2732.txt,0.7632661
../data/text/8893.txt,0.71507347
../data/text/2947.txt,0.74956375
../data/text/2849.txt,0.7554499
../data/text/2529.txt,0.7137847
../data/text/5024.txt,0.78439516
../data/text/1645.txt,0.8019887
../data/text/5439.txt,0.76090276
../data/text/4776.txt,0.70332915
../data/text/4494.txt,0.7015275
../data/text/2653.txt,0.7952827
../data/text/2386.txt,0.74192446
../data/text/4951.txt,0.7621935
../data/text/3818.txt,0.7506242
../data/text/3491.txt,0.71282685
../data/text/824.txt,0.7056693
../data/text/9961.txt,0.78861165
../data/text/6182.txt,0.7312355
../data/text/8689.txt,0.7455408
../data/text/315.txt,0.731166
../data/text/3109.txt,0.76879776
../data/text/5977.txt,0.72562695
../data/text/163.txt,0.70043266
../data/text/6445.txt,0.7494005
../data/text/8037.txt,0.73992276
../data/text/4198.txt,0.7029438
../data/text/3079.txt,0.71652156
../data/text/106.txt,0.7055428
../data/text/8378.txt,0.73709416
../data/text/3086.txt,0.705597
../data/text/5481.txt,0.731346
../data/text/9254.txt,0.8012581
../data/text/9779.txt,0.796522
../data/text/6098.txt,0.75510406
../data/text/560.txt,0.70068884
../data/text/5169.txt,0.7329376
../data/text/557.txt,0.7379853
../data/text/287.txt,0.77270246
../data/text/5398.txt,0.7128125
../data/text/4987.txt,0.7354254
../data/text/703.txt,0.7553898
../data/text/8523.txt,0.7519975
../data/text/3594.txt,0.7526904
../data/text/6531.txt,0.74310005
../data/text/7272.txt,0.7509079
../data/text/5118.txt,0.7650117
../data/text/9958.txt,0.7216495
../data/text/8010.txt,0.76391673
../data/text/7957.txt,0.7206685
../data/text/6623.txt,0.7052913
../data/text/8514.txt,0.82234085
../data/text/9075.txt,0.7735294
../data/text/3507.txt,0.72699475
../data/text/9281.txt,0.7553994
../data/text/3586.txt,0.77111024
../data/text/935.txt,0.77377844
../data/text/6459.txt,0.7106838
../data/text/1171.txt,0.74943525
../data/text/4224.txt,0.72949755
../data/text/4333.txt,0.7200987
../data/text/3887.txt,0.71695685
../data/text/3882.txt,0.78681123
../data/text/5366.txt,0.7954922
../data/text/2970.txt,0.81498945
../data/text/2069.txt,0.7807963
../data/text/8535.txt,0.7452074
../data/text/2500.txt,0.78535724
../data/text/522.txt,0.7227601
../data/text/6994.txt,0.7750107
../data/text/4790.txt,0.8184378
../data/text/1453.txt,0.77718246
../data/text/8846.txt,0.7156665
../data/text/259.txt,0.79281235
../data/text/1964.txt,0.7410735
../data/text/5076.txt,0.70852315
../data/text/6514.txt,0.7678774
../data/text/2495.txt,0.75413513
../data/text/2775.txt,0.7288493
../data/text/4962.txt,0.72573423
../data/text/1202.txt,0.7113048
../data/text/1427.txt,0.7630097
../data/text/8704.txt,0.74142385
../data/text/4991.txt,0.7517079
../data/text/77.txt,0.74486065
../data/text/7517.txt,0.7114925
../data/text/2118.txt,0.7384591
../data/text/6606.txt,0.7179412
../data/text/8319.txt,0.70447886
../data/text/9535.txt,0.7382561
../data/text/8618.txt,0.7291374
../data/text/1626.txt,0.7346215
../data/text/2940.txt,0.7037793
../data/text/4676.txt,0.7310717
../data/text/1082.txt,0.7112978
../data/text/3169.txt,0.7479464
../data/text/9923.txt,0.70589477
../data/text/1448.txt,0.74458206
../data/text/5861.txt,0.7453183
../data/text/7061.txt,0.71267366
../data/text/7273.txt,0.7903639
../data/text/3433.txt,0.71180534
../data/text/9562.txt,0.7461115
../data/text/2154.txt,0.7062316
../data/text/8883.txt,0.7808839
../data/text/8976.txt,0.7399109
../data/text/1355.txt,0.7267045
../data/text/6925.txt,0.7809937
../data/text/9014.txt,0.74824536
../data/text/1425.txt,0.7124591
../data/text/4151.txt,0.7424753
../data/text/8322.txt,0.7476947
../data/text/3892.txt,0.7223673
../data/text/5864.txt,0.7253133
../data/text/519.txt,0.7988198
../data/text/5921.txt,0.78660876
../data/text/9563.txt,0.74896336
../data/text/2379.txt,0.7525755
../data/text/8376.txt,0.7777877
../data/text/6335.txt,0.7235522
../data/text/5636.txt,0.7774928
../data/text/562.txt,0.74348855
../data/text/2473.txt,0.75829875
../data/text/156.txt,0.7061188
../data/text/5908.txt,0.7016758
../data/text/7210.txt,0.7399844
../data/text/5755.txt,0.74180907
../data/text/2616.txt,0.7627285
../data/text/5175.txt,0.7154914
../data/text/4819.txt,0.7787792
../data/text/7187.txt,0.730528
../data/text/7607.txt,0.7037925
../data/text/8519.txt,0.70433956
../data/text/7930.txt,0.708227
../data/text/1076.txt,0.7005117
../data/text/1934.txt,0.7496663
../data/text/847.txt,0.73856676
../data/text/3526.txt,0.73499453
../data/text/1495.txt,0.7076191
../data/text/7134.txt,0.73580766
../data/text/8864.txt,0.72119945
../data/text/7601.txt,0.74595755
../data/text/2960.txt,0.7423882
../data/text/3108.txt,0.71885973
../data/text/7588.txt,0.7128198
../data/text/9049.txt,0.7550581
../data/text/9410.txt,0.7529341
../data/text/9214.txt,0.7402812
../data/text/675.txt,0.74465245
../data/text/9600.txt,0.72305024
../data/text/2306.txt,0.7192292
../data/text/1792.txt,0.8093741
../data/text/392.txt,0.7147883
../data/text/529.txt,0.7040525
../data/text/7648.txt,0.79100096
../data/text/2958.txt,0.7571225
../data/text/2246.txt,0.8016889
../data/text/1279.txt,0.79020846
../data/text/3035.txt,0.739518
../data/text/1215.txt,0.7756366
../data/text/2016.txt,0.79194325
../data/text/1457.txt,0.7059444
../data/text/8870.txt,0.70532763
../data/text/8311.txt,0.7455527
../data/text/7765.txt,0.73014367
../data/text/2985.txt,0.75292003
../data/text/6793.txt,0.70454615
../data/text/139.txt,0.75977695
../data/text/2889.txt,0.7393701
../data/text/329.txt,0.718647
../data/text/8758.txt,0.7216882
../data/text/9097.txt,0.77836776
../data/text/464.txt,0.72346485
../data/text/1185.txt,0.77996475
../data/text/2040.txt,0.7052254
../data/text/9907.txt,0.80984056
../data/text/8832.txt,0.71062756
../data/text/2302.txt,0.7609104
../data/text/1266.txt,0.73471224
../data/text/9545.txt,0.7530015
../data/text/1908.txt,0.7538073
../data/text/6206.txt,0.7127433
../data/text/3346.txt,0.80069435
../data/text/5918.txt,0.7963302
../data/text/8965.txt,0.7218235
../data/text/1516.txt,0.78870517
../data/text/7821.txt,0.7407694
../data/text/5995.txt,0.7178159
../data/text/5548.txt,0.772453
../data/text/3203.txt,0.7782871
../data/text/9578.txt,0.78170896
../data/text/239.txt,0.7112987
../data/text/7435.txt,0.7523428
../data/text/6337.txt,0.7146372
../data/text/9554.txt,0.7515323
../data/text/4972.txt,0.81196564
../data/text/5424.txt,0.76334566
../data/text/7353.txt,0.70774305
../data/text/2100.txt,0.7054628
../data/text/2101.txt,0.70330095
../data/text/5396.txt,0.7173562
../data/text/4158.txt,0.76330197
../data/text/7612.txt,0.70785415
../data/text/1745.txt,0.774182
../data/text/9558.txt,0.77813876
../data/text/3918.txt,0.7170263
../data/text/3222.txt,0.71839046
../data/text/7003.txt,0.7315036
../data/text/3489.txt,0.7290568
../data/text/4150.txt,0.7107178
../data/text/7561.txt,0.81255114
../data/text/9458.txt,0.7443123
../data/text/1527.txt,0.7167738
../data/text/4230.txt,0.8158888
../data/text/3515.txt,0.7875974
../data/text/5092.txt,0.80366087
../data/text/2060.txt,0.78768647
../data/text/1378.txt,0.7562551
../data/text/9604.txt,0.71837294
../data/text/2722.txt,0.78142583
../data/text/4234.txt,0.7553124
../data/text/4879.txt,0.75011826
../data/text/5078.txt,0.79291886
../data/text/1606.txt,0.8120893
../data/text/367.txt,0.7608052
../data/text/8981.txt,0.729035
../data/text/2405.txt,0.7855186
../data/text/4357.txt,0.70605254
../data/text/940.txt,0.78150266
../data/text/2950.txt,0.72514933
../data/text/6082.txt,0.70799285
../data/text/9655.txt,0.7307757
../data/text/8508.txt,0.75827205
../data/text/2104.txt,0.7349701
../data/text/6199.txt,0.7109123
../data/text/9421.txt,0.7623888
../data/text/7764.txt,0.74479413
../data/text/1901.txt,0.7067455
../data/text/2665.txt,0.744822
../data/text/9556.txt,0.7564182
../data/text/8532.txt,0.7129214
../data/text/4393.txt,0.76322246
../data/text/9682.txt,0.70556295
../data/text/7727.txt,0.7029966
../data/text/407.txt,0.7279742
../data/text/6577.txt,0.70093656
../data/text/7174.txt,0.70723
../data/text/6087.txt,0.7582414
../data/text/1580.txt,0.7205488
../data/text/2841.txt,0.7828394
../data/text/4814.txt,0.80426717
../data/text/2559.txt,0.82405865
../data/text/1363.txt,0.78326464
../data/text/2489.txt,0.7270309
../data/text/2030.txt,0.7715574
../data/text/3324.txt,0.7062675
../data/text/4908.txt,0.7825599
../data/text/3215.txt,0.7024052
../data/text/5496.txt,0.73229843
../data/text/3852.txt,0.72722286
../data/text/2494.txt,0.7832625
../data/text/3374.txt,0.7277301
../data/text/7436.txt,0.72244704
../data/text/2693.txt,0.7901007
../data/text/5577.txt,0.7968275
../data/text/1966.txt,0.7214855
../data/text/1892.txt,0.7884456
../data/text/9628.txt,0.71420264
../data/text/2557.txt,0.7459458
../data/text/1257.txt,0.8021017
../data/text/565.txt,0.7516432
../data/text/7096.txt,0.70167863
../data/text/8252.txt,0.7085773
../data/text/3825.txt,0.81070495
../data/text/1139.txt,0.77644455
../data/text/113.txt,0.72363305
../data/text/8483.txt,0.7382791
../data/text/7076.txt,0.7674949
../data/text/7563.txt,0.70385087
../data/text/5258.txt,0.7182306
../data/text/9565.txt,0.73482263
../data/text/2872.txt,0.7192361
../data/text/9068.txt,0.73419535
../data/text/266.txt,0.76401055
../data/text/75.txt,0.7398358
../data/text/4002.txt,0.7044986
../data/text/921.txt,0.7060731
../data/text/453.txt,0.7216107
../data/text/4963.txt,0.7350153
../data/text/3714.txt,0.75968933
../data/text/816.txt,0.77091455
../data/text/3019.txt,0.7843747
../data/text/9603.txt,0.7266094
../data/text/7139.txt,0.767689
../data/text/928.txt,0.7444131
../data/text/8343.txt,0.77222973
../data/text/4141.txt,0.7624109
../data/text/6887.txt,0.77519894
../data/text/6565.txt,0.7074624
../data/text/2326.txt,0.72941196
../data/text/2382.txt,0.7407222
../data/text/3051.txt,0.81358886
../data/text/739.txt,0.7391968
../data/text/9599.txt,0.7218846
../data/text/7115.txt,0.74634
../data/text/302.txt,0.7005731
../data/text/8346.txt,0.74302745
../data/text/1569.txt,0.8130186
../data/text/6299.txt,0.71002126
../data/text/9158.txt,0.79069114
../data/text/3417.txt,0.7406199
../data/text/5329.txt,0.7678177
../data/text/7230.txt,0.7187958
../data/text/6372.txt,0.70324445
../data/text/6175.txt,0.70668596
../data/text/1944.txt,0.72669256
../data/text/5556.txt,0.71159565
../data/text/3364.txt,0.77290845
../data/text/6920.txt,0.7872889
../data/text/6044.txt,0.70861065
../data/text/7720.txt,0.7106176
../data/text/9666.txt,0.7207586
../data/text/8204.txt,0.7425436
../data/text/6602.txt,0.7356366
../data/text/7675.txt,0.8253375
../data/text/1396.txt,0.77229697
../data/text/1101.txt,0.7233259
../data/text/1491.txt,0.72910196
../data/text/9295.txt,0.7503308
../data/text/6870.txt,0.73519486
../data/text/709.txt,0.71194506
../data/text/1034.txt,0.76792604
../data/text/7835.txt,0.8024953
../data/text/1845.txt,0.7032759
../data/text/6997.txt,0.7369222
../data/text/4301.txt,0.7055218
../data/text/1255.txt,0.7056744
../data/text/7044.txt,0.75733244
../data/text/2595.txt,0.73132634
../data/text/2447.txt,0.7199192
../data/text/8334.txt,0.711968
../data/text/7722.txt,0.71583015
../data/text/6963.txt,0.81080556
../data/text/2090.txt,0.79350245
../data/text/9964.txt,0.76586366
../data/text/5550.txt,0.81345844
../data/text/3775.txt,0.7228487
../data/text/4086.txt,0.73811316
../data/text/4254.txt,0.757106
../data/text/9492.txt,0.71833736
../data/text/5927.txt,0.70673186
../data/text/1366.txt,0.83528876
../data/text/5491.txt,0.7241701
../data/text/6601.txt,0.711485
../data/text/1009.txt,0.72713006
../data/text/4114.txt,0.7118171
../data/text/9351.txt,0.75475144
../data/text/1439.txt,0.7076847
../data/text/6391.txt,0.74797624
../data/text/1136.txt,0.739359
../data/text/2077.txt,0.7271751
../data/text/9659.txt,0.75939095
../data/text/4177.txt,0.70053625
../data/text/3204.txt,0.76818585
../data/text/9853.txt,0.75210834
../data/text/6633.txt,0.75502354
../data/text/3424.txt,0.7946867
../data/text/1317.txt,0.70378864
../data/text/5688.txt,0.72554535
../data/text/3679.txt,0.735257
../data/text/9774.txt,0.80105376
../data/text/9292.txt,0.74541295
../data/text/8691.txt,0.72656214
../data/text/5983.txt,0.80992544
../data/text/1120.txt,0.7185922
../data/text/3470.txt,0.7163806
../data/text/1817.txt,0.72836024
../data/text/7047.txt,0.7201594
../data/text/8080.txt,0.824024
../data/text/6105.txt,0.7189907
../data/text/1292.txt,0.8160017
../data/text/6107.txt,0.70558786
../data/text/9443.txt,0.7782763
../data/text/1917.txt,0.7747022
../data/text/7564.txt,0.7721354
../data/text/5084.txt,0.72194564
../data/text/4001.txt,0.7514541
../data/text/2639.txt,0.70780915
../data/text/880.txt,0.7011771
../data/text/7226.txt,0.7250782
../data/text/2654.txt,0.7812555
../data/text/5629.txt,0.7676184
../data/text/920.txt,0.7390372
../data/text/7844.txt,0.74900734
../data/text/48.txt,0.8073365
../data/text/9930.txt,0.7272554
../data/text/3158.txt,0.7271101
../data/text/2406.txt,0.7195389
../data/text/3820.txt,0.74786615
../data/text/1615.txt,0.7369163
../data/text/2132.txt,0.7816829
../data/text/9800.txt,0.7642951
../data/text/3181.txt,0.75331944
../data/text/1638.txt,0.7058966
../data/text/9920.txt,0.70526767
../data/text/610.txt,0.77769184
../data/text/7287.txt,0.7233181
../data/text/4558.txt,0.75233173
../data/text/2056.txt,0.70316935
../data/text/2934.txt,0.765453
../data/text/484.txt,0.74852943
../data/text/5465.txt,0.78582615
../data/text/466.txt,0.7592779
../data/text/9384.txt,0.7953448
../data/text/9048.txt,0.76394254
../data/text/8369.txt,0.7013385
../data/text/4060.txt,0.706347
../data/text/1350.txt,0.76988035
../data/text/4729.txt,0.7030605
../data/text/7118.txt,0.7322197
../data/text/5468.txt,0.7202681
../data/text/7886.txt,0.7741332
../data/text/5838.txt,0.76710176
../data/text/2316.txt,0.7019534
../data/text/2389.txt,0.7902204
../data/text/8537.txt,0.72550803
../data/text/1721.txt,0.71080375
../data/text/7860.txt,0.74588954
../data/text/1370.txt,0.79182565
../data/text/5362.txt,0.70262694
../data/text/5128.txt,0.7690072
../data/text/992.txt,0.712458
../data/text/1695.txt,0.78832996
../data/text/7739.txt,0.70106053
../data/text/903.txt,0.7575061
../data/text/6378.txt,0.76145685
../data/text/2139.txt,0.7277405
../data/text/6266.txt,0.7008043
../data/text/8919.txt,0.74456
../data/text/1097.txt,0.72291875
../data/text/4642.txt,0.755909
../data/text/2592.txt,0.75710905
../data/text/3851.txt,0.7560783
../data/text/3646.txt,0.77825904
../data/text/9828.txt,0.72667897
../data/text/1936.txt,0.7464709
../data/text/3081.txt,0.79192936
../data/text/3729.txt,0.71227586
../data/text/4478.txt,0.70382214
../data/text/2229.txt,0.7549192
../data/text/1684.txt,0.7186657
../data/text/1382.txt,0.7013291
../data/text/3619.txt,0.75987375
../data/text/6348.txt,0.7034922
../data/text/1472.txt,0.76298296
../data/text/5217.txt,0.71805185
../data/text/2042.txt,0.7354152
../data/text/5872.txt,0.7323233
../data/text/5644.txt,0.73898923
../data/text/7805.txt,0.73885196
../data/text/9949.txt,0.7313992
../data/text/6095.txt,0.7010529
../data/text/917.txt,0.71406907
../data/text/6249.txt,0.72786397
../data/text/1558.txt,0.72052366
../data/text/2468.txt,0.753559
../data/text/6554.txt,0.7887738
../data/text/5039.txt,0.7525973
../data/text/23.txt,0.7600719
../data/text/1182.txt,0.7645922
../data/text/9136.txt,0.72378325
../data/text/2576.txt,0.7631782
../data/text/4750.txt,0.732295
../data/text/798.txt,0.752514
../data/text/6361.txt,0.7110801
../data/text/8599.txt,0.7202203
../data/text/9299.txt,0.785458
../data/text/3967.txt,0.7190327
../data/text/2095.txt,0.71665883
../data/text/5204.txt,0.7693065
../data/text/1471.txt,0.7128465
../data/text/1249.txt,0.7933709
../data/text/6325.txt,0.73483044
../data/text/5003.txt,0.7065752
../data/text/6393.txt,0.77335036
../data/text/1774.txt,0.70649344
../data/text/5821.txt,0.79383314
../data/text/8429.txt,0.7351193
../data/text/6847.txt,0.7545968
../data/text/790.txt,0.7794905
../data/text/7191.txt,0.7184292
../data/text/8097.txt,0.7622508
../data/text/773.txt,0.72216547
../data/text/5048.txt,0.77381694
../data/text/8268.txt,0.7057754
../data/text/4122.txt,0.71482474
../data/text/7773.txt,0.7212244
../data/text/5087.txt,0.718213
../data/text/6033.txt,0.7097937
../data/text/6267.txt,0.7674593
../data/text/1110.txt,0.74164927
../data/text/785.txt,0.7490197
../data/text/288.txt,0.7910341
../data/text/1894.txt,0.70010877
../data/text/4804.txt,0.717608
../data/text/6181.txt,0.81302065
../data/text/9209.txt,0.7099774
../data/text/1354.txt,0.7062605
../data/text/8151.txt,0.7651735
../data/text/5065.txt,0.74469006
../data/text/9781.txt,0.74275196
../data/text/2428.txt,0.71245825
../data/text/262.txt,0.83482623
../data/text/9927.txt,0.7979537
../data/text/5520.txt,0.72493064
../data/text/4483.txt,0.73242474
../data/text/8752.txt,0.73802555
../data/text/9073.txt,0.76354027
../data/text/5765.txt,0.7231792
../data/text/8135.txt,0.7285635
../data/text/802.txt,0.8355243
../data/text/3344.txt,0.70149726
../data/text/1863.txt,0.7105684
../data/text/4102.txt,0.7423866
../data/text/8349.txt,0.74186534
../data/text/4285.txt,0.72896487
../data/text/2536.txt,0.770522
../data/text/2662.txt,0.71919894
../data/text/8632.txt,0.7904009
../data/text/9440.txt,0.8368778
../data/text/4058.txt,0.71611154
../data/text/366.txt,0.7058066
../data/text/6247.txt,0.7571564
../data/text/7566.txt,0.79209274
../data/text/4715.txt,0.79297066
../data/text/6425.txt,0.7436724
../data/text/4670.txt,0.753657
../data/text/1874.txt,0.79040426
../data/text/2998.txt,0.74040586
../data/text/3031.txt,0.76147234
../data/text/8482.txt,0.77071255
../data/text/7473.txt,0.7442838
../data/text/9342.txt,0.72432375
../data/text/228.txt,0.7084275
../data/text/4638.txt,0.767714
../data/text/6331.txt,0.71086675
../data/text/7991.txt,0.7544329
../data/text/9555.txt,0.72102094
../data/text/413.txt,0.73749435
../data/text/894.txt,0.7244698
../data/text/8854.txt,0.70997417
../data/text/2667.txt,0.7587185
../data/text/1324.txt,0.7330846
../data/text/3430.txt,0.70785034
../data/text/926.txt,0.7532419
../data/text/8084.txt,0.73863214
../data/text/7452.txt,0.72615004
../data/text/4867.txt,0.84188986
../data/text/8907.txt,0.7045121
../data/text/803.txt,0.72549194
../data/text/4769.txt,0.7281264
../data/text/6058.txt,0.752609
../data/text/3589.txt,0.7286165
../data/text/6084.txt,0.802142
../data/text/4497.txt,0.7381903
../data/text/5369.txt,0.7538711
../data/text/1588.txt,0.73682976
../data/text/2093.txt,0.79344875
../data/text/1822.txt,0.74410576
../data/text/4649.txt,0.73691875
../data/text/4245.txt,0.7185275
../data/text/8000.txt,0.74122417
../data/text/4786.txt,0.741818
../data/text/1846.txt,0.80685747
../data/text/8851.txt,0.73029923
../data/text/399.txt,0.7095175
../data/text/5061.txt,0.73901683
../data/text/2997.txt,0.7858094
../data/text/8940.txt,0.7485185
../data/text/2533.txt,0.8118327
../data/text/1911.txt,0.75270146
../data/text/8703.txt,0.70575136
../data/text/3639.txt,0.7639906
../data/text/923.txt,0.71277666
../data/text/1798.txt,0.7010789
../data/text/4434.txt,0.7429118
../data/text/4235.txt,0.767829
../data/text/5197.txt,0.7414651
../data/text/9240.txt,0.7768929
../data/text/4602.txt,0.70577896
../data/text/5374.txt,0.7322597
../data/text/9229.txt,0.7467307
../data/text/1387.txt,0.71088076
../data/text/7181.txt,0.7181672
../data/text/7902.txt,0.7014426
../data/text/4512.txt,0.8066401
../data/text/6217.txt,0.7787689
../data/text/6132.txt,0.7249154
../data/text/6385.txt,0.7284442
../data/text/9601.txt,0.7612651
../data/text/1067.txt,0.76358926
../data/text/587.txt,0.79799724
../data/text/4320.txt,0.71546865
../data/text/9237.txt,0.7230172
../data/text/1685.txt,0.7202245
../data/text/3568.txt,0.7115413
../data/text/9664.txt,0.74491656
../data/text/513.txt,0.72647965
../data/text/7356.txt,0.7377107
../data/text/6719.txt,0.7092643
../data/text/9706.txt,0.7242093
../data/text/9091.txt,0.7928642
../data/text/5488.txt,0.8076967
../data/text/7342.txt,0.7122575
../data/text/1335.txt,0.74215966
../data/text/7045.txt,0.7266965
../data/text/4703.txt,0.76159483
../data/text/8543.txt,0.73200125
../data/text/5816.txt,0.8016839
../data/text/3461.txt,0.73155427
../data/text/714.txt,0.70903563
../data/text/9656.txt,0.7375802
../data/text/1620.txt,0.7683532
../data/text/5342.txt,0.80343896
../data/text/8317.txt,0.719507
../data/text/5407.txt,0.7445467
../data/text/8418.txt,0.7312174
../data/text/5831.txt,0.72378504
../data/text/4439.txt,0.80977637
../data/text/4520.txt,0.7136035
../data/text/2165.txt,0.8299794
../data/text/8699.txt,0.76469946
../data/text/7892.txt,0.7335007
../data/text/1469.txt,0.77656627
../data/text/1820.txt,0.7086549
../data/text/2622.txt,0.730814
../data/text/9055.txt,0.74489456
../data/text/1237.txt,0.8194523
../data/text/5088.txt,0.7018049
../data/text/1351.txt,0.75407577
../data/text/9477.txt,0.70229226
../data/text/61.txt,0.73509496
../data/text/5923.txt,0.7215123
../data/text/6571.txt,0.7727607
../data/text/595.txt,0.7601595
../data/text/3143.txt,0.7385093
../data/text/1228.txt,0.7473958
../data/text/177.txt,0.7435968
../data/text/597.txt,0.8231431
../data/text/2424.txt,0.7354939
../data/text/1321.txt,0.71123123
../data/text/3062.txt,0.7419611
../data/text/4096.txt,0.751189
../data/text/8283.txt,0.7481027
../data/text/7759.txt,0.80982697
../data/text/167.txt,0.7619852
../data/text/2064.txt,0.7187998
../data/text/5924.txt,0.75232804
../data/text/8073.txt,0.7463452
../data/text/3856.txt,0.7284442
../data/text/6561.txt,0.7567122
../data/text/6548.txt,0.738064
../data/text/2499.txt,0.73565626
../data/text/8445.txt,0.7098511
../data/text/360.txt,0.7383411
../data/text/2681.txt,0.73292994
../data/text/6883.txt,0.7605024
../data/text/5405.txt,0.71995324
../data/text/4770.txt,0.7331836
../data/text/7670.txt,0.73085904
../data/text/9875.txt,0.7310111
../data/text/278.txt,0.74815196
../data/text/1077.txt,0.71026677
../data/text/8784.txt,0.79459316
../data/text/7367.txt,0.7155503
../data/text/1525.txt,0.7086134
../data/text/3673.txt,0.725773
../data/text/9915.txt,0.7308605
../data/text/4427.txt,0.7649701
../data/text/3929.txt,0.72135395
../data/text/3978.txt,0.76911515
../data/text/7320.txt,0.71754956
../data/text/7911.txt,0.73739994
../data/text/3401.txt,0.72653615
../data/text/6730.txt,0.73328507
../data/text/273.txt,0.7257378
../data/text/1271.txt,0.7306629
../data/text/1381.txt,0.79910964
../data/text/6707.txt,0.7428604
../data/text/274.txt,0.76748765
../data/text/4048.txt,0.7285292
../data/text/1826.txt,0.7278131
../data/text/494.txt,0.74943495
../data/text/1621.txt,0.77501017
../data/text/4464.txt,0.7012506
../data/text/6259.txt,0.71938884
../data/text/3547.txt,0.7291579
../data/text/426.txt,0.7092303
../data/text/4193.txt,0.7601886
../data/text/1373.txt,0.7776157
../data/text/6346.txt,0.7697426
../data/text/185.txt,0.7196585
../data/text/2969.txt,0.72615075
../data/text/9622.txt,0.78854096
../data/text/511.txt,0.7543787
../data/text/6405.txt,0.7531651
../data/text/3188.txt,0.8160964
../data/text/1091.txt,0.7183821
../data/text/5235.txt,0.7722879
../data/text/3018.txt,0.7798357
../data/text/5142.txt,0.7313185
../data/text/3013.txt,0.70910656
../data/text/1083.txt,0.755831
../data/text/5583.txt,0.8645571
../data/text/930.txt,0.7382173
../data/text/8063.txt,0.7774036
../data/text/7501.txt,0.76348424
../data/text/7030.txt,0.77611005
../data/text/498.txt,0.7399361
../data/text/6846.txt,0.76295376
../data/text/6848.txt,0.7080724
../data/text/8397.txt,0.71288943
../data/text/6546.txt,0.73564786
../data/text/9789.txt,0.71356237
../data/text/815.txt,0.7575314
../data/text/459.txt,0.74870604
../data/text/6214.txt,0.7102607
../data/text/2840.txt,0.75223297
../data/text/8404.txt,0.7484931
../data/text/8642.txt,0.7105108
../data/text/1656.txt,0.7057701
../data/text/5325.txt,0.7190782
../data/text/2909.txt,0.70246214
../data/text/9896.txt,0.7008853
../data/text/6670.txt,0.7443924
../data/text/2605.txt,0.70021456
../data/text/2295.txt,0.71895015
../data/text/7721.txt,0.7196017
../data/text/5613.txt,0.76770425
../data/text/2248.txt,0.7055883
../data/text/9098.txt,0.7122555
../data/text/9400.txt,0.711169
../data/text/8701.txt,0.7160846
../data/text/2939.txt,0.7196758
../data/text/6328.txt,0.7495369
../data/text/6831.txt,0.7065219
../data/text/6134.txt,0.77852166
../data/text/3423.txt,0.73871875
../data/text/1032.txt,0.78324795
../data/text/354.txt,0.7070272
../data/text/22.txt,0.776747
../data/text/3257.txt,0.73206544
../data/text/643.txt,0.7512648
../data/text/4303.txt,0.74792767
../data/text/3720.txt,0.706545
../data/text/8160.txt,0.7209433
../data/text/4652.txt,0.7379757
../data/text/6334.txt,0.75030005
../data/text/4286.txt,0.76147175
../data/text/5232.txt,0.8235279
../data/text/3838.txt,0.7319627
../data/text/9580.txt,0.81983733
../data/text/716.txt,0.72331583
../data/text/6388.txt,0.71543956
../data/text/3145.txt,0.7593497
../data/text/9242.txt,0.7902712
../data/text/2820.txt,0.74131715
../data/text/8509.txt,0.75097454
../data/text/5679.txt,0.83055663
../data/text/1402.txt,0.80174243
../data/text/6935.txt,0.77475154
../data/text/3660.txt,0.71429497
../data/text/8813.txt,0.74918246
../data/text/9357.txt,0.7683986
../data/text/4360.txt,0.7022109
../data/text/3757.txt,0.7506887
../data/text/3877.txt,0.7754787
../data/text/4929.txt,0.7124912
../data/text/5790.txt,0.7481469
../data/text/1337.txt,0.7182708
../data/text/6125.txt,0.70696145
../data/text/155.txt,0.77211213
../data/text/1657.txt,0.77555877
../data/text/5315.txt,0.7370719
../data/text/5176.txt,0.70001614
../data/text/9345.txt,0.71126086
../data/text/8480.txt,0.7310444
../data/text/6758.txt,0.74910134
../data/text/2071.txt,0.70410115
../data/text/666.txt,0.7438319
../data/text/9862.txt,0.7207425
../data/text/9721.txt,0.7771928
../data/text/129.txt,0.7633345
../data/text/6969.txt,0.7101889
../data/text/1343.txt,0.73579633
../data/text/3161.txt,0.7249438
../data/text/8894.txt,0.71685785
../data/text/9444.txt,0.7812088
../data/text/7144.txt,0.74502784
../data/text/2982.txt,0.7045564
../data/text/1299.txt,0.718319
../data/text/9070.txt,0.77992237
../data/text/39.txt,0.7107091
../data/text/6484.txt,0.78837144
../data/text/294.txt,0.8030519
../data/text/422.txt,0.8040186
../data/text/3776.txt,0.7371304
../data/text/7400.txt,0.70049894
../data/text/5527.txt,0.7089447
../data/text/9705.txt,0.7461334
../data/text/6153.txt,0.75374645
../data/text/5129.txt,0.7309733
../data/text/1771.txt,0.7182156
../data/text/7026.txt,0.70324063
../data/text/3806.txt,0.760951
../data/text/536.txt,0.71185017
../data/text/8145.txt,0.7145613
../data/text/276.txt,0.7049592
../data/text/9489.txt,0.71551883
../data/text/3741.txt,0.75342107
../data/text/2430.txt,0.7204593
../data/text/5331.txt,0.7099372
../data/text/839.txt,0.72999084
../data/text/5422.txt,0.7289889
../data/text/1489.txt,0.7045572
../data/text/7701.txt,0.8210443
../data/text/7813.txt,0.7253628
../data/text/7248.txt,0.7390791
../data/text/896.txt,0.7350992
../data/text/624.txt,0.71675324
../data/text/3058.txt,0.7232633
../data/text/1159.txt,0.7675111
../data/text/9000.txt,0.75815725
../data/text/7392.txt,0.78126687
../data/text/4550.txt,0.78044033
../data/text/687.txt,0.8051181
../data/text/4074.txt,0.77307415
../data/text/2286.txt,0.75559527
../data/text/2052.txt,0.79488343
../data/text/5809.txt,0.7632492
../data/text/4009.txt,0.7030075
../data/text/9825.txt,0.71030056
../data/text/621.txt,0.71605295
../data/text/5874.txt,0.82050145
../data/text/6043.txt,0.80817837
../data/text/7370.txt,0.7709118
../data/text/6872.txt,0.7407035
../data/text/2409.txt,0.7103587
../data/text/1661.txt,0.76038766
../data/text/878.txt,0.71071494
../data/text/1274.txt,0.78014874
../data/text/3306.txt,0.70277596
../data/text/5156.txt,0.73105276
../data/text/4837.txt,0.7202711
../data/text/1955.txt,0.7280004
../data/text/8077.txt,0.7867676
../data/text/9817.txt,0.7087296
../data/text/6927.txt,0.7279551
../data/text/2655.txt,0.7259465
../data/text/9866.txt,0.7912017
../data/text/1287.txt,0.74266213
../data/text/491.txt,0.80468506
../data/text/15.txt,0.7603562
../data/text/4168.txt,0.7101318
../data/text/1799.txt,0.71529895
../data/text/2440.txt,0.73115736
../data/text/9219.txt,0.740111
../data/text/7107.txt,0.73395026
../data/text/3691.txt,0.71608925
../data/text/6660.txt,0.7412894
../data/text/1738.txt,0.7591922
../data/text/9839.txt,0.7780577
../data/text/8613.txt,0.7018502
../data/text/589.txt,0.73589855
../data/text/350.txt,0.74477077
../data/text/2917.txt,0.7113627
../data/text/932.txt,0.7361812
../data/text/1327.txt,0.73353636
../data/text/6627.txt,0.71829194
../data/text/8297.txt,0.8004496
../data/text/381.txt,0.8161219
../data/text/1549.txt,0.72795224
../data/text/7547.txt,0.74040735
../data/text/3125.txt,0.7459394
../data/text/2391.txt,0.7674919
../data/text/2890.txt,0.72062963
../data/text/5867.txt,0.7484886
../data/text/5111.txt,0.70726496
../data/text/8012.txt,0.73234755
../data/text/4176.txt,0.722873
../data/text/4904.txt,0.7577681
../data/text/1891.txt,0.79449356
../data/text/5089.txt,0.7022642
../data/text/1884.txt,0.7438668
../data/text/3278.txt,0.7689657
../data/text/9377.txt,0.7539531
../data/text/6980.txt,0.71510756
../data/text/6820.txt,0.7335051
../data/text/4283.txt,0.7608453
../data/text/2753.txt,0.750632
../data/text/4719.txt,0.751629
../data/text/8188.txt,0.7089681
../data/text/3804.txt,0.7762253
../data/text/1085.txt,0.7655082
../data/text/5678.txt,0.73339313
../data/text/8724.txt,0.72782767
../data/text/5922.txt,0.7414153
../data/text/9965.txt,0.7216882
../data/text/6045.txt,0.7086824
../data/text/6990.txt,0.717193
../data/text/5940.txt,0.72134316
../data/text/8564.txt,0.70492446
../data/text/420.txt,0.7140362
../data/text/2117.txt,0.741021
../data/text/3706.txt,0.7507088
../data/text/8985.txt,0.75274175
../data/text/8453.txt,0.7473215
../data/text/7918.txt,0.71213895
../data/text/5829.txt,0.7469168
../data/text/1470.txt,0.78649193
../data/text/640.txt,0.72265804
../data/text/988.txt,0.78190637
../data/text/325.txt,0.7814991
../data/text/5898.txt,0.70214826
../data/text/9166.txt,0.74985194
../data/text/9028.txt,0.75671315
../data/text/4543.txt,0.70937973
../data/text/3182.txt,0.70228577
../data/text/4291.txt,0.73179644
../data/text/4992.txt,0.8546413
../data/text/6650.txt,0.73013836
../data/text/1096.txt,0.71961826
../data/text/2819.txt,0.7716286
../data/text/2157.txt,0.7119927
../data/text/3947.txt,0.7236488
../data/text/371.txt,0.700806
../data/text/194.txt,0.7291615
../data/text/9861.txt,0.72051793
../data/text/9616.txt,0.7254201
../data/text/4061.txt,0.7215042
../data/text/6194.txt,0.7455665
../data/text/4436.txt,0.70142674
../data/text/2808.txt,0.7015176
../data/text/2585.txt,0.7493402
../data/text/8792.txt,0.7858101
../data/text/601.txt,0.7230507
../data/text/6166.txt,0.7016168
../data/text/2187.txt,0.7129854
../data/text/8910.txt,0.7166294
../data/text/961.txt,0.7854742
../data/text/980.txt,0.734894
../data/text/2121.txt,0.7648616
../data/text/753.txt,0.7621975
../data/text/5057.txt,0.75380963
../data/text/4753.txt,0.75482285
../data/text/736.txt,0.7104248
../data/text/2831.txt,0.7976757
../data/text/710.txt,0.73756826
../data/text/1467.txt,0.80159587
../data/text/5435.txt,0.73675776
../data/text/512.txt,0.7159419
../data/text/1827.txt,0.7401656
../data/text/6932.txt,0.7578565
../data/text/691.txt,0.7272856
../data/text/6072.txt,0.734924
../data/text/7399.txt,0.7657881
../data/text/6782.txt,0.71757513
../data/text/8356.txt,0.75298756
../data/text/7426.txt,0.72940797
../data/text/8922.txt,0.74229395
../data/text/4471.txt,0.72884464
../data/text/8040.txt,0.7303971
../data/text/3378.txt,0.70701766
../data/text/550.txt,0.7267496
../data/text/6031.txt,0.70884025
../data/text/1115.txt,0.7333625
../data/text/3168.txt,0.7054584
../data/text/9883.txt,0.7175838
../data/text/6891.txt,0.7603339
../data/text/3713.txt,0.7140887
../data/text/2609.txt,0.7302947
../data/text/2006.txt,0.7216314
../data/text/8740.txt,0.73340964
../data/text/689.txt,0.70736134
../data/text/4875.txt,0.71149486
../data/text/9692.txt,0.71502614
../data/text/2418.txt,0.7410424
../data/text/4363.txt,0.7180511
../data/text/688.txt,0.75304157
../data/text/4343.txt,0.7392913
../data/text/5928.txt,0.74730515
../data/text/2491.txt,0.79890466
../data/text/8615.txt,0.7002784
../data/text/1130.txt,0.72500265
../data/text/105.txt,0.7059793
../data/text/1224.txt,0.76002264
../data/text/7029.txt,0.70137304
../data/text/9869.txt,0.7355069
../data/text/526.txt,0.725994
../data/text/9526.txt,0.7110424
../data/text/1074.txt,0.7403131
../data/text/6598.txt,0.72300303
../data/text/7631.txt,0.7274749
../data/text/7750.txt,0.74042696
../data/text/9389.txt,0.749061
../data/text/233.txt,0.73052603
../data/text/7990.txt,0.7014885
../data/text/1541.txt,0.72429293
../data/text/5164.txt,0.7967684
../data/text/9515.txt,0.7143031
../data/text/110.txt,0.7686207
../data/text/7049.txt,0.71247375
../data/text/8199.txt,0.83644235
../data/text/5271.txt,0.7520278
../data/text/5463.txt,0.70870453
../data/text/2621.txt,0.70823336
../data/text/4723.txt,0.7345645
../data/text/1042.txt,0.77512443
../data/text/3751.txt,0.7124699
../data/text/4116.txt,0.7233538
../data/text/6017.txt,0.7533957
../data/text/7415.txt,0.72161293
../data/text/1913.txt,0.74556303
../data/text/205.txt,0.7450426
../data/text/1466.txt,0.72026265
../data/text/7712.txt,0.73901165
../data/text/6394.txt,0.71506464
../data/text/2532.txt,0.7142405
../data/text/3349.txt,0.73060375
../data/text/5913.txt,0.77905196
../data/text/571.txt,0.7244894
../data/text/7840.txt,0.7665223
../data/text/1616.txt,0.760051
../data/text/5321.txt,0.7341167
../data/text/4801.txt,0.7026873
../data/text/5083.txt,0.7646935
../data/text/7851.txt,0.7856322
../data/text/3049.txt,0.740093
../data/text/1583.txt,0.78632563
../data/text/8410.txt,0.72771984
../data/text/3241.txt,0.7184706
../data/text/7145.txt,0.7063377
../data/text/5370.txt,0.7778932
../data/text/3561.txt,0.71035755
../data/text/1300.txt,0.7485999
../data/text/6458.txt,0.72035074
../data/text/8157.txt,0.72133887
../data/text/6844.txt,0.70908654
../data/text/3291.txt,0.795436
../data/text/6419.txt,0.77019703
../data/text/9052.txt,0.7151245
../data/text/4659.txt,0.74374485
../data/text/3341.txt,0.79474366
../data/text/701.txt,0.7088711
../data/text/6698.txt,0.70404744
../data/text/1260.txt,0.70492905
../data/text/7923.txt,0.76958627
../data/text/5021.txt,0.76624167
../data/text/1188.txt,0.7694786
../data/text/6977.txt,0.75775576
../data/text/3514.txt,0.7465023
../data/text/6971.txt,0.70833874
../data/text/8161.txt,0.7046289
../data/text/8577.txt,0.77873623
../data/text/5335.txt,0.7377636
../data/text/2340.txt,0.7331598
../data/text/40.txt,0.7064284
../data/text/3563.txt,0.7135148
../data/text/5428.txt,0.74228036
../data/text/7290.txt,0.74089974
../data/text/3591.txt,0.8154488
../data/text/7731.txt,0.7200991
../data/text/3521.txt,0.80034375
../data/text/1560.txt,0.70523083
../data/text/1313.txt,0.7161751
../data/text/1539.txt,0.7868826
../data/text/9352.txt,0.71381193
../data/text/2553.txt,0.7782761
../data/text/1002.txt,0.73924565
../data/text/9011.txt,0.7462841
../data/text/2475.txt,0.70064634
../data/text/3041.txt,0.7046521
../data/text/5706.txt,0.7027579
../data/text/6078.txt,0.71180177
../data/text/4447.txt,0.71890616
../data/text/836.txt,0.7049146
../data/text/8212.txt,0.75584304
../data/text/1655.txt,0.7317749
../data/text/9456.txt,0.76926374
../data/text/4519.txt,0.7468709
../data/text/9451.txt,0.77159387
../data/text/9763.txt,0.75243413
../data/text/6345.txt,0.7041337
../data/text/1294.txt,0.75497955
../data/text/8710.txt,0.76522285
../data/text/8272.txt,0.7101609
../data/text/6616.txt,0.7381809
../data/text/9917.txt,0.7222126
../data/text/3736.txt,0.7204366
../data/text/9772.txt,0.7067343
../data/text/3654.txt,0.7190589
../data/text/2619.txt,0.7959346
../data/text/2106.txt,0.7297141
../data/text/9079.txt,0.7111402
../data/text/2129.txt,0.79627675
../data/text/3243.txt,0.73150766
../data/text/3220.txt,0.70238376
../data/text/5368.txt,0.7371567
../data/text/2130.txt,0.70241046
../data/text/6923.txt,0.7985412
../data/text/8610.txt,0.75053054
../data/text/4529.txt,0.71213865
../data/text/5269.txt,0.7804072
../data/text/2792.txt,0.7074085
../data/text/5657.txt,0.80483305
../data/text/9678.txt,0.74463683
../data/text/4691.txt,0.7553479
../data/text/3869.txt,0.72303104
../data/text/5104.txt,0.71239364
../data/text/1929.txt,0.7488064
../data/text/3807.txt,0.8229865
../data/text/4006.txt,0.71682477
../data/text/8370.txt,0.7677287
../data/text/2151.txt,0.7383622
../data/text/4555.txt,0.7814329
../data/text/5113.txt,0.71972245
../data/text/9322.txt,0.7194221
../data/text/9849.txt,0.71374667
../data/text/1000.txt,0.7154461
../data/text/9160.txt,0.7435068
../data/text/6316.txt,0.7297323
../data/text/3495.txt,0.73612183
../data/text/9135.txt,0.7002262
../data/text/2477.txt,0.7501763
../data/text/3056.txt,0.7012259
../data/text/6749.txt,0.7582849
../data/text/8999.txt,0.71764636
../data/text/5808.txt,0.7598085
../data/text/9501.txt,0.76411784
../data/text/2158.txt,0.73435605
../data/text/3939.txt,0.7599555
../data/text/9330.txt,0.7950622
../data/text/8427.txt,0.72504824
../data/text/3289.txt,0.7017306
../data/text/1832.txt,0.7539791
../data/text/4117.txt,0.716871
../data/text/9268.txt,0.703553
../data/text/7090.txt,0.73970795
../data/text/7458.txt,0.7159366
../data/text/7666.txt,0.70666146
../data/text/3502.txt,0.71891445
../data/text/2000.txt,0.7725506
../data/text/4108.txt,0.7072117
../data/text/9887.txt,0.780777
../data/text/9387.txt,0.776108
../data/text/9703.txt,0.7328258
../data/text/6302.txt,0.76864135
../data/text/8934.txt,0.7082489
../data/text/6746.txt,0.75438666
../data/text/4975.txt,0.8079752
../data/text/8574.txt,0.7124447
../data/text/4932.txt,0.75248766
../data/text/7782.txt,0.7077249
../data/text/7424.txt,0.7703268
../data/text/264.txt,0.7485737
../data/text/8133.txt,0.78158784
../data/text/2119.txt,0.73442334
../data/text/3172.txt,0.73876804
../data/text/1498.txt,0.790557
../data/text/3582.txt,0.74414617
../data/text/9111.txt,0.76560915
../data/text/5890.txt,0.7115676
../data/text/631.txt,0.7830019
../data/text/2528.txt,0.76479423
../data/text/5250.txt,0.73641515
../data/text/1270.txt,0.74205774
../data/text/2079.txt,0.7893071
../data/text/4226.txt,0.76672876
../data/text/6595.txt,0.7774484
../data/text/8766.txt,0.7599956
../data/text/8775.txt,0.74546313
../data/text/973.txt,0.7309814
../data/text/7234.txt,0.7044314
../data/text/6.txt,0.73549294
../data/text/5739.txt,0.71629363
../data/text/3415.txt,0.77471215
../data/text/363.txt,0.74048114
../data/text/592.txt,0.7023542
../data/text/4566.txt,0.713875
../data/text/57.txt,0.71726155
../data/text/8769.txt,0.7028315
../data/text/50.txt,0.7717272
../data/text/500.txt,0.7413287
../data/text/8539.txt,0.71342695
../data/text/786.txt,0.70218414
../data/text/4185.txt,0.74307275
../data/text/885.txt,0.77791023
../data/text/417.txt,0.8364272
../data/text/5056.txt,0.74591446
../data/text/4056.txt,0.71771616
../data/text/1290.txt,0.7197939
../data/text/230.txt,0.71999776
../data/text/5947.txt,0.72843754
../data/text/8305.txt,0.7433345
../data/text/1440.txt,0.742486
../data/text/4773.txt,0.7188442
../data/text/1915.txt,0.74395585
../data/text/2569.txt,0.7317173
../data/text/738.txt,0.72926813
../data/text/820.txt,0.71850014
../data/text/662.txt,0.7567356
../data/text/8003.txt,0.7146976
../data/text/2505.txt,0.7100072
../data/text/9684.txt,0.7652043
../data/text/2105.txt,0.72347414
../data/text/8414.txt,0.7819271
../data/text/6908.txt,0.81617635
../data/text/85.txt,0.73484325
../data/text/9991.txt,0.7857981
../data/text/9074.txt,0.72161645
../data/text/3588.txt,0.7503234
../data/text/9144.txt,0.70404804
../data/text/2419.txt,0.7102011
../data/text/4430.txt,0.7261815
../data/text/224.txt,0.7166135
../data/text/2205.txt,0.815997
../data/text/4858.txt,0.7155029
../data/text/6131.txt,0.7738975
../data/text/8355.txt,0.7069328
../data/text/1021.txt,0.7306234
../data/text/7945.txt,0.7085091
../data/text/11.txt,0.7359563
../data/text/1905.txt,0.7103944
../data/text/6519.txt,0.75138175
../data/text/8304.txt,0.70806175
../data/text/7829.txt,0.8248687
../data/text/3981.txt,0.72231305
../data/text/7192.txt,0.7300614
../data/text/1025.txt,0.70854414
../data/text/203.txt,0.7531491
../data/text/9488.txt,0.72683984
../data/text/8124.txt,0.74038935
../data/text/196.txt,0.7248337
../data/text/6942.txt,0.753019
../data/text/3527.txt,0.752759
../data/text/6472.txt,0.75616795
../data/text/1523.txt,0.74450624
../data/text/4429.txt,0.76210874
../data/text/4526.txt,0.74050546
../data/text/5180.txt,0.7284456
../data/text/8017.txt,0.7115179
../data/text/1651.txt,0.7509396
../data/text/5695.txt,0.71605283
../data/text/9833.txt,0.70384383
../data/text/7067.txt,0.77890337
../data/text/2741.txt,0.7305039
../data/text/3369.txt,0.7251955
../data/text/1584.txt,0.76676905
../data/text/3595.txt,0.70375234
../data/text/6164.txt,0.7582427
../data/text/6512.txt,0.722802
../data/text/1803.txt,0.7041902
../data/text/5715.txt,0.7438283
../data/text/6408.txt,0.7268928
../data/text/4455.txt,0.83169293
../data/text/9516.txt,0.738587
../data/text/5691.txt,0.7885959
../data/text/1674.txt,0.7302509
../data/text/4069.txt,0.70724595
../data/text/8359.txt,0.7563325
../data/text/8993.txt,0.7410967
../data/text/102.txt,0.7655785
../data/text/2546.txt,0.7806954
../data/text/8115.txt,0.7671266
../data/text/9031.txt,0.800663
../data/text/2136.txt,0.7671052
../data/text/3187.txt,0.73646677
../data/text/6476.txt,0.73562646
../data/text/634.txt,0.77844685
../data/text/9256.txt,0.7439239
../data/text/9777.txt,0.75885254
../data/text/9122.txt,0.74963915
../data/text/1116.txt,0.7468553
../data/text/9100.txt,0.7336508
../data/text/4910.txt,0.738603
../data/text/7005.txt,0.7594425
../data/text/3247.txt,0.77206504
../data/text/9348.txt,0.8007909
../data/text/1312.txt,0.7521823
../data/text/5485.txt,0.75258154
../data/text/7746.txt,0.7001894
../data/text/6028.txt,0.7163494
../data/text/8314.txt,0.794525
../data/text/4541.txt,0.7282261
../data/text/5266.txt,0.7542554
../data/text/6460.txt,0.7564784
../data/text/6347.txt,0.73599076
../data/text/1974.txt,0.7407681
../data/text/1030.txt,0.7666159
../data/text/4400.txt,0.7255973
../data/text/8667.txt,0.7477834
../data/text/3573.txt,0.7517108
../data/text/3266.txt,0.756449
../data/text/6786.txt,0.7154234
../data/text/9438.txt,0.7218155
../data/text/3605.txt,0.73642987
../data/text/7264.txt,0.7830746
../data/text/7837.txt,0.7505146
../data/text/2363.txt,0.8438611
../data/text/3001.txt,0.7017289
../data/text/2222.txt,0.80516255
../data/text/5895.txt,0.7944001
../data/text/7730.txt,0.72782385
../data/text/649.txt,0.73376167
../data/text/9344.txt,0.7134924
../data/text/5281.txt,0.7596222
../data/text/8299.txt,0.7127233
../data/text/3937.txt,0.7072976
../data/text/532.txt,0.70213485
../data/text/9090.txt,0.8478749
../data/text/3516.txt,0.7016037
../data/text/2763.txt,0.760884
../data/text/1468.txt,0.70755786
../data/text/5778.txt,0.74669534
../data/text/2875.txt,0.73069894
../data/text/7246.txt,0.7455895
../data/text/7553.txt,0.75050104
../data/text/4365.txt,0.77834296
../data/text/898.txt,0.75837815
../data/text/8635.txt,0.7069387
../data/text/7660.txt,0.8027048
../data/text/4184.txt,0.7380001
../data/text/3593.txt,0.70766073
../data/text/6968.txt,0.7317699
../data/text/9669.txt,0.74331856
../data/text/4155.txt,0.7061704
../data/text/5165.txt,0.7109177
../data/text/4021.txt,0.7591908
../data/text/7293.txt,0.7004938
../data/text/462.txt,0.739318
../data/text/9916.txt,0.7005242
../data/text/5871.txt,0.73753107
../data/text/3208.txt,0.7642911
../data/text/7531.txt,0.7378795
../data/text/6797.txt,0.7529219
../data/text/3798.txt,0.73235416
../data/text/6019.txt,0.78626424
../data/text/4554.txt,0.7074833
../data/text/6360.txt,0.8566777
../data/text/2176.txt,0.7446929
../data/text/2172.txt,0.7027539
../data/text/3603.txt,0.7761084
../data/text/8960.txt,0.7470932
../data/text/8164.txt,0.8072413
../data/text/4922.txt,0.72241884
../data/text/7582.txt,0.7471072
../data/text/1.txt,0.7582573
../data/text/7297.txt,0.7210928
../data/text/6965.txt,0.7079202
../data/text/3931.txt,0.74585325
../data/text/2591.txt,0.72530013
../data/text/6256.txt,0.7130494
../data/text/828.txt,0.7023257
../data/text/5075.txt,0.7200532
../data/text/2161.txt,0.7441672
../data/text/660.txt,0.73537374
../data/text/547.txt,0.77203286
../data/text/6268.txt,0.7299926
../data/text/8249.txt,0.71232027
../data/text/6945.txt,0.804129
../data/text/1712.txt,0.7491265
../data/text/323.txt,0.7231111
../data/text/3458.txt,0.71637136
../data/text/1364.txt,0.74460244
../data/text/1741.txt,0.72383827
../data/text/2821.txt,0.7210658
../data/text/8028.txt,0.7357578
../data/text/3606.txt,0.70165074
../data/text/8284.txt,0.7086295
../data/text/6070.txt,0.7313701
../data/text/2041.txt,0.77174944
../data/text/5996.txt,0.74638474
../data/text/4328.txt,0.7340095
../data/text/8210.txt,0.71905136
../data/text/6238.txt,0.71411985
../data/text/6663.txt,0.72907627
../data/text/327.txt,0.7255203
../data/text/8685.txt,0.73027974
../data/text/5539.txt,0.72427666
../data/text/8596.txt,0.7911058
../data/text/3923.txt,0.7265588
../data/text/4973.txt,0.7238053
../data/text/9728.txt,0.7079002
../data/text/252.txt,0.7618269
../data/text/7989.txt,0.762815
../data/text/1641.txt,0.73521084
../data/text/1881.txt,0.75298667
../data/text/36.txt,0.73687196
../data/text/4397.txt,0.7354063
../data/text/6218.txt,0.7576022
../data/text/1895.txt,0.77317035
../data/text/3305.txt,0.7323959
../data/text/8780.txt,0.7529068
../data/text/9971.txt,0.74100757
../data/text/5502.txt,0.71248066
../data/text/4982.txt,0.73366725
../data/text/9937.txt,0.7013507
../data/text/5744.txt,0.7528946
../data/text/9899.txt,0.7416564
../data/text/2012.txt,0.7436462
../data/text/5518.txt,0.7401906
../data/text/4276.txt,0.8006685
../data/text/745.txt,0.7581943
../data/text/6269.txt,0.7758832
../data/text/1340.txt,0.70100176
../data/text/1633.txt,0.7967429
../data/text/9125.txt,0.7150923
../data/text/9540.txt,0.73467374
../data/text/9495.txt,0.71574354
../data/text/6618.txt,0.79242504
../data/text/4728.txt,0.7392483
../data/text/5313.txt,0.7794795
../data/text/8426.txt,0.7394057
../data/text/2321.txt,0.7641649
../data/text/7375.txt,0.74453455
../data/text/7870.txt,0.7108908
../data/text/1694.txt,0.7407714
../data/text/4960.txt,0.7717873
../data/text/7786.txt,0.7255081
../data/text/964.txt,0.7673643
../data/text/5423.txt,0.74203515
../data/text/6708.txt,0.7211783
../data/text/2815.txt,0.74718106
../data/text/1029.txt,0.7124442
../data/text/7933.txt,0.7035349
../data/text/543.txt,0.77245814
../data/text/5868.txt,0.725566
../data/text/6140.txt,0.7216385
../data/text/8323.txt,0.72687054
../data/text/4473.txt,0.72618496
../data/text/1147.txt,0.71820307
../data/text/9649.txt,0.73572725
../data/text/4959.txt,0.7387014
../data/text/4585.txt,0.77604645
../data/text/2318.txt,0.7288388
../data/text/8623.txt,0.72053313
../data/text/791.txt,0.72745234
../data/text/7854.txt,0.76755136
../data/text/308.txt,0.76431453
../data/text/9469.txt,0.7732359
../data/text/5145.txt,0.776263
../data/text/3441.txt,0.71830237
../data/text/4764.txt,0.72522545
../data/text/6423.txt,0.7458264
../data/text/5047.txt,0.77340734
../data/text/6545.txt,0.77097476
../data/text/2083.txt,0.7212867
../data/text/6469.txt,0.7366248
../data/text/3584.txt,0.72637075
../data/text/5283.txt,0.70746577
../data/text/7155.txt,0.70938313
../data/text/7020.txt,0.7371751
../data/text/1251.txt,0.73491764
../data/text/8350.txt,0.7497201
../data/text/2398.txt,0.7110357
../data/text/5612.txt,0.7978711
../data/text/3209.txt,0.71768403
../data/text/7046.txt,0.84726894
../data/text/439.txt,0.74837774
../data/text/2337.txt,0.71074104
../data/text/4129.txt,0.7347692
../data/text/5166.txt,0.7007445
../data/text/9804.txt,0.72130585
../data/text/7382.txt,0.7513988
../data/text/1069.txt,0.70026314
../data/text/6574.txt,0.75137687
../data/text/1172.txt,0.72220075
../data/text/1375.txt,0.77577084
../data/text/6013.txt,0.7453123
../data/text/7884.txt,0.70800054
../data/text/6127.txt,0.7819994
../data/text/3007.txt,0.80350864
../data/text/742.txt,0.7377974
../data/text/9969.txt,0.7275292
../data/text/6637.txt,0.82942736
../data/text/1272.txt,0.7759822
../data/text/5574.txt,0.7132872
../data/text/4376.txt,0.71625453
../data/text/8975.txt,0.761255
../data/text/5154.txt,0.8060187
../data/text/310.txt,0.8313215
../data/text/119.txt,0.75196546
../data/text/95.txt,0.72602904
../data/text/5042.txt,0.7321521
../data/text/3517.txt,0.7607278
../data/text/685.txt,0.70844984
../data/text/4664.txt,0.7008147
../data/text/2745.txt,0.7255509
../data/text/8824.txt,0.7208227
../data/text/5854.txt,0.7273172
../data/text/9190.txt,0.7511598
../data/text/5091.txt,0.73147064
../data/text/2062.txt,0.7960323
../data/text/925.txt,0.7202703
../data/text/3628.txt,0.7233287
../data/text/9176.txt,0.70807844
../data/text/2637.txt,0.70997477
../data/text/4477.txt,0.80016214
../data/text/8310.txt,0.80008805
../data/text/3485.txt,0.7878744
../data/text/2114.txt,0.785316
../data/text/9046.txt,0.7467303
../data/text/8755.txt,0.8371062
../data/text/3546.txt,0.71382535
../data/text/1289.txt,0.75260925
../data/text/4793.txt,0.7461574
../data/text/1374.txt,0.7024782
../data/text/3352.txt,0.7998462
../data/text/876.txt,0.76005435
../data/text/2774.txt,0.70241743
../data/text/3249.txt,0.711554
../data/text/7063.txt,0.80967355
../data/text/719.txt,0.73073876
../data/text/6959.txt,0.70043445
../data/text/4270.txt,0.8063625
../data/text/80.txt,0.77987885
../data/text/6364.txt,0.7606199
../data/text/6877.txt,0.7575474
../data/text/9291.txt,0.76820743
../data/text/440.txt,0.73467416
../data/text/5703.txt,0.705503
../data/text/777.txt,0.7645203
../data/text/5787.txt,0.7636629
../data/text/4971.txt,0.7231781
../data/text/1970.txt,0.76741225
../data/text/9140.txt,0.7345056
../data/text/5404.txt,0.777815
../data/text/34.txt,0.7129698
../data/text/1199.txt,0.73856634
../data/text/9612.txt,0.8136463
../data/text/4608.txt,0.7064065
../data/text/9370.txt,0.7278295
../data/text/1293.txt,0.76026195
../data/text/1598.txt,0.750072
../data/text/8862.txt,0.7677315
../data/text/5484.txt,0.72952795
../data/text/6141.txt,0.73916066
../data/text/1095.txt,0.7866193
../data/text/831.txt,0.747838
../data/text/3890.txt,0.76566035
../data/text/1151.txt,0.7320571
../data/text/6443.txt,0.75046796
../data/text/3935.txt,0.71991146
../data/text/2571.txt,0.7206652
../data/text/7125.txt,0.712571
../data/text/5532.txt,0.74169743
../data/text/1062.txt,0.71025085
../data/text/9808.txt,0.7480908
../data/text/1890.txt,0.73360646
../data/text/1760.txt,0.8251293
../data/text/116.txt,0.7281715
../data/text/3636.txt,0.77280843
../data/text/7565.txt,0.80177826
../data/text/3459.txt,0.75846297
../data/text/577.txt,0.7026067
../data/text/7268.txt,0.72728074
../data/text/7427.txt,0.7477132
../data/text/542.txt,0.741302
../data/text/3740.txt,0.7160461
../data/text/782.txt,0.78638935
../data/text/6642.txt,0.8037442
../data/text/7633.txt,0.7093636
../data/text/8201.txt,0.7294433
../data/text/2578.txt,0.75827855
../data/text/3256.txt,0.7075441
../data/text/3797.txt,0.7211325
../data/text/9244.txt,0.7907295
../data/text/1510.txt,0.72540534
../data/text/9043.txt,0.78717655
../data/text/502.txt,0.7548909
../data/text/9221.txt,0.70079255
../data/text/5781.txt,0.701322
../data/text/4110.txt,0.71664214
../data/text/7796.txt,0.7149147
../data/text/8275.txt,0.7423017
../data/text/1824.txt,0.7165924
../data/text/3456.txt,0.70240676
../data/text/7148.txt,0.73272157
../data/text/2031.txt,0.72314143
../data/text/9758.txt,0.70281756
../data/text/463.txt,0.7656473
../data/text/6543.txt,0.7149177
../data/text/8979.txt,0.70548403
../data/text/246.txt,0.8080335
../data/text/135.txt,0.76741016
../data/text/4974.txt,0.71206766
../data/text/4229.txt,0.7018229
../data/text/254.txt,0.7527473
../data/text/8671.txt,0.71424335
../data/text/991.txt,0.74770206
../data/text/6236.txt,0.75500846
../data/text/6897.txt,0.72229075
../data/text/2854.txt,0.7027032
../data/text/563.txt,0.7108548
../data/text/1579.txt,0.78979135
../data/text/7032.txt,0.71428794
../data/text/99.txt,0.8011697
../data/text/6593.txt,0.8011701
../data/text/7855.txt,0.7012487
../data/text/232.txt,0.7519214
../data/text/2023.txt,0.8433903
../data/text/6842.txt,0.7072867
../data/text/4107.txt,0.7056742
../data/text/4042.txt,0.73323536
../data/text/6413.txt,0.72656006
../data/text/1878.txt,0.7589121
../data/text/5449.txt,0.7518301
../data/text/4577.txt,0.74658203
../data/text/4419.txt,0.7245365
../data/text/5160.txt,0.75014806
../data/text/7116.txt,0.7133799
../data/text/5191.txt,0.778098
../data/text/1482.txt,0.7627281
../data/text/31.txt,0.7044012
../data/text/2903.txt,0.7438963
../data/text/2902.txt,0.75184464
../data/text/8963.txt,0.70751536
../data/text/653.txt,0.7104677
../data/text/5654.txt,0.7146338
../data/text/1837.txt,0.7133539
../data/text/3559.txt,0.7367278
../data/text/3170.txt,0.705772
../data/text/8330.txt,0.7163189
../data/text/1465.txt,0.7810633
../data/text/613.txt,0.7497339
../data/text/4629.txt,0.7364898
../data/text/3388.txt,0.7965327
../data/text/8329.txt,0.7421256
../data/text/3867.txt,0.7557007
../data/text/3800.txt,0.7001546
../data/text/341.txt,0.7833321
../data/text/4089.txt,0.74293077
../data/text/9182.txt,0.75102556
../data/text/3827.txt,0.70743775
../data/text/2813.txt,0.7078863
../data/text/5990.txt,0.72171825
../data/text/4206.txt,0.7279254
../data/text/5461.txt,0.79987323
../data/text/9215.txt,0.7328563
../data/text/3915.txt,0.71258056
../data/text/2498.txt,0.76495105
../data/text/2689.txt,0.7247064
../data/text/8809.txt,0.72298247
../data/text/7859.txt,0.8398753
../data/text/8061.txt,0.72487515
../data/text/1227.txt,0.71818256
../data/text/1959.txt,0.71954775
../data/text/3476.txt,0.7402671
../data/text/4838.txt,0.7369885
../data/text/3715.txt,0.7845448
../data/text/9605.txt,0.750554
../data/text/1976.txt,0.7615115
../data/text/4068.txt,0.77593017
../data/text/8216.txt,0.7334957
../data/text/8636.txt,0.7218034
../data/text/5227.txt,0.75314724
../data/text/3663.txt,0.7070254
../data/text/1048.txt,0.7125319
../data/text/9448.txt,0.7195357
../data/text/2942.txt,0.7245257
../data/text/132.txt,0.70819914
../data/text/740.txt,0.7218904
../data/text/159.txt,0.7060417
../data/text/9801.txt,0.8027641
../data/text/8713.txt,0.78451353
../data/text/6373.txt,0.7857286
../data/text/6706.txt,0.76625514
../data/text/1992.txt,0.735667
../data/text/1023.txt,0.7211597
../data/text/4816.txt,0.79492104
../data/text/5254.txt,0.7673107
../data/text/2993.txt,0.7185461
../data/text/1581.txt,0.71768385
../data/text/5968.txt,0.7342037
../data/text/4914.txt,0.7909167
../data/text/7718.txt,0.7435565
../data/text/8238.txt,0.7471887
../data/text/9270.txt,0.718153
../data/text/9700.txt,0.7281438
../data/text/6486.txt,0.71864104
../data/text/4265.txt,0.7965741
../data/text/8586.txt,0.7127141
../data/text/7853.txt,0.76306814
../data/text/5196.txt,0.7242116
../data/text/2908.txt,0.7359452
../data/text/303.txt,0.7947953
../data/text/2470.txt,0.76908624
../data/text/172.txt,0.70142055
../data/text/9298.txt,0.72229475
../data/text/9172.txt,0.7682289
../data/text/5453.txt,0.75168073
../data/text/6875.txt,0.7181816
../data/text/2191.txt,0.78548676
../data/text/4567.txt,0.7480215
../data/text/5794.txt,0.72196996
../data/text/3010.txt,0.7020096
../data/text/2497.txt,0.740854
../data/text/3934.txt,0.7682134
../data/text/6867.txt,0.7579008
../data/text/5261.txt,0.7957274
../data/text/6513.txt,0.8145076
../data/text/8258.txt,0.75330997
../data/text/867.txt,0.7041023
../data/text/7776.txt,0.7402257
../data/text/5948.txt,0.7649137
../data/text/9762.txt,0.7226869
../data/text/893.txt,0.79038215
../data/text/9544.txt,0.701416
../data/text/853.txt,0.70851713
../data/text/1121.txt,0.70992357
../data/text/1590.txt,0.7000268
../data/text/3015.txt,0.75165457
../data/text/1634.txt,0.7072345
../data/text/9337.txt,0.7560905
../data/text/4830.txt,0.7029965
../data/text/5865.txt,0.7544437
../data/text/4885.txt,0.82163906
../data/text/6294.txt,0.7369503
../data/text/7617.txt,0.7258816
../data/text/2793.txt,0.7420697
../data/text/3537.txt,0.7240152
../data/text/4846.txt,0.7392296
../data/text/111.txt,0.7290655
../data/text/6301.txt,0.8342308
../data/text/4362.txt,0.71206206
../data/text/3281.txt,0.74491024
../data/text/307.txt,0.71229196
../data/text/5046.txt,0.74426055
../data/text/6089.txt,0.7240282
../data/text/4442.txt,0.71281016
../data/text/915.txt,0.7906076
../data/text/3190.txt,0.7142997
../data/text/3781.txt,0.7665336
../data/text/6507.txt,0.774572
../data/text/7513.txt,0.7736882
../data/text/1169.txt,0.7455856
../data/text/1194.txt,0.79037195
../data/text/5436.txt,0.72121894
../data/text/7104.txt,0.8013717
../data/text/2730.txt,0.70466524
../data/text/6517.txt,0.7065215
../data/text/7993.txt,0.73205113
../data/text/332.txt,0.7225196
../data/text/1861.txt,0.80552983
../data/text/3707.txt,0.777902
../data/text/67.txt,0.73648715
../data/text/3759.txt,0.75294673
../data/text/8803.txt,0.70231915
../data/text/5174.txt,0.8017904
../data/text/3319.txt,0.7012019
../data/text/3925.txt,0.7687919
../data/text/3647.txt,0.77820146
../data/text/179.txt,0.77330494
../data/text/3996.txt,0.7499927
../data/text/358.txt,0.7443466
../data/text/3667.txt,0.7133112
../data/text/5381.txt,0.70052487
../data/text/7678.txt,0.7561182
../data/text/4055.txt,0.7116381
../data/text/166.txt,0.75022674
../data/text/4680.txt,0.72445446
../data/text/7310.txt,0.72997135
../data/text/8170.txt,0.7015208
../data/text/788.txt,0.7295184
../data/text/2828.txt,0.7050357
../data/text/8682.txt,0.74127257
../data/text/476.txt,0.70664793
../data/text/2615.txt,0.74469626
../data/text/5993.txt,0.7238598
../data/text/5006.txt,0.7097216
../data/text/7788.txt,0.7218487
../data/text/1731.txt,0.7166533
../data/text/3626.txt,0.7189183
../data/text/4840.txt,0.7792762
../data/text/1129.txt,0.73667896
../data/text/9954.txt,0.8043522
../data/text/4952.txt,0.72696793
../data/text/967.txt,0.7830736
../data/text/3276.txt,0.802332
../data/text/1388.txt,0.8091837
../data/text/697.txt,0.7288666
../data/text/5401.txt,0.8161007
../data/text/9794.txt,0.7040652
../data/text/7621.txt,0.76671493
../data/text/1742.txt,0.7982099
../data/text/9948.txt,0.73151463
../data/text/7348.txt,0.8087114
../data/text/4379.txt,0.7237201
../data/text/2679.txt,0.7189926
../data/text/2214.txt,0.70522046
../data/text/3819.txt,0.75588566
../data/text/4916.txt,0.7033154
../data/text/7646.txt,0.7032819
../data/text/124.txt,0.70168376
../data/text/605.txt,0.78075755
../data/text/5514.txt,0.7253334
../data/text/9613.txt,0.79495406
../data/text/4965.txt,0.7039176
../data/text/3675.txt,0.7257543
../data/text/5653.txt,0.72988707
../data/text/4752.txt,0.7335578
../data/text/4446.txt,0.72851837
../data/text/3406.txt,0.7102679
../data/text/4919.txt,0.7220468
../data/text/5173.txt,0.7244668
../data/text/3003.txt,0.7229005
../data/text/8676.txt,0.77548814
../data/text/3073.txt,0.7299956
../data/text/2635.txt,0.7263524
../data/text/4335.txt,0.8274909
../data/text/5771.txt,0.7342146
../data/text/270.txt,0.7610876
../data/text/1277.txt,0.78610915
../data/text/8616.txt,0.7059544
../data/text/6756.txt,0.75451875
../data/text/4672.txt,0.7916469
../data/text/9430.txt,0.7115958
../data/text/825.txt,0.71571726
../data/text/3859.txt,0.75717556
../data/text/2277.txt,0.76339775
../data/text/5793.txt,0.7114613
../data/text/5857.txt,0.7419529
../data/text/9925.txt,0.8552313
../data/text/5073.txt,0.8053921
../data/text/8733.txt,0.7265858
../data/text/3850.txt,0.73469305
../data/text/1888.txt,0.75762665
../data/text/3277.txt,0.7783538
../data/text/8226.txt,0.75491107
../data/text/4699.txt,0.72639894
../data/text/393.txt,0.76325625
../data/text/5892.txt,0.7106454
../data/text/3356.txt,0.7268124
../data/text/9681.txt,0.71906114
../data/text/2830.txt,0.7066181
../data/text/1230.txt,0.7141677
../data/text/874.txt,0.7428206
../data/text/9175.txt,0.7301948
../data/text/7699.txt,0.7171454
../data/text/3164.txt,0.75888634
../data/text/3103.txt,0.7568282
../data/text/6129.txt,0.70627487
../data/text/4967.txt,0.7070681
../data/text/2230.txt,0.74758816
../data/text/9860.txt,0.8039997
../data/text/934.txt,0.74838865
../data/text/2611.txt,0.784073
../data/text/5723.txt,0.82775694
../data/text/3686.txt,0.72596085
../data/text/3194.txt,0.8059918
../data/text/9608.txt,0.7176081
../data/text/9650.txt,0.74049175
../data/text/2817.txt,0.707165
../data/text/1428.txt,0.74932
../data/text/4266.txt,0.7130853
../data/text/4571.txt,0.7677256
../data/text/7140.txt,0.70390296
../data/text/7033.txt,0.80001783
../data/text/6796.txt,0.8259199
../data/text/1174.txt,0.7116153
../data/text/1713.txt,0.71414804
../data/text/5609.txt,0.70320016
../data/text/5314.txt,0.7208692
../data/text/860.txt,0.7582212
../data/text/1232.txt,0.7651894
../data/text/6312.txt,0.70768124
../data/text/3361.txt,0.71974874
../data/text/4032.txt,0.7925658
../data/text/1921.txt,0.74378645
../data/text/222.txt,0.7022505
../data/text/4118.txt,0.7645844
../data/text/6901.txt,0.710024
../data/text/4043.txt,0.81379604
../data/text/7444.txt,0.73512113
../data/text/8877.txt,0.7177213
../data/text/5852.txt,0.7081955
../data/text/1522.txt,0.7029703
../data/text/4264.txt,0.75116086
../data/text/5934.txt,0.74690735
../data/text/3756.txt,0.7348676
../data/text/1122.txt,0.7207831
../data/text/4243.txt,0.7024324
../data/text/1505.txt,0.7709509
../data/text/7779.txt,0.7194146
../data/text/9607.txt,0.760173
../data/text/761.txt,0.7545059
../data/text/1434.txt,0.7282907
../data/text/7263.txt,0.7769082
../data/text/2315.txt,0.72370094
../data/text/1231.txt,0.7864703
../data/text/6415.txt,0.80972
../data/text/8347.txt,0.77870816
../data/text/7340.txt,0.7177973
../data/text/6441.txt,0.759759
../data/text/5430.txt,0.71636903
../data/text/7135.txt,0.70844287
../data/text/1999.txt,0.7472145
../data/text/890.txt,0.70568085
../data/text/4574.txt,0.82406354
../data/text/2292.txt,0.73575735
../data/text/4090.txt,0.7146049
../data/text/582.txt,0.74824464
../data/text/7703.txt,0.7033926
../data/text/5774.txt,0.80077374
../data/text/712.txt,0.70469844
../data/text/5945.txt,0.7674502
